{"new york": [40.71427, -74.00597, "US"], "london": [51.50853, -0.12574, "GB"]}